Production Food Name,Ingredians,Quantity
Production Food Name 1,RM Name 1,120.0
Production Food Name 1,RM Name 2,12.5
Production Food Name 1,RM Name 3,2.0
Production Food Name 1,RM Name 4,2.0
Production Food Name 1,RM Name 5,2.0
Production Food Name 1,RM Name 6,1111.0
Production Food Name 1,RM Name 7,50.0
Production Food Name 2,RM Name 5,50.0
Production Food Name 2,RM Name 8,50.0
Production Food Name 2,RM Name 9,880.0
Production Food Name 2,RM Name 7,20.0
Production Food Name 3,RM Name 10,3780.0
Production Food Name 3,RM Name 11,100.0
Production Food Name 4,RM Name 10,1000.0
Production Food Name 4,RM Name 12,250.0
Production Food Name 4,RM Name 13,80.0
Production Food Name 4,RM Name 14,25.0
Production Food Name 4,RM Name 15,15.0
Production Food Name 4,RM Name 16,15.0
Production Food Name 4,RM Name 17,15.0
Production Food Name 4,RM Name 5,15.0
Production Food Name 5,RM Name 2,0.43
Production Food Name 5,RM Name 18,4.25
Production Food Name 5,RM Name 9,2.13
Production Food Name 5,RM Name 19,2.13
Production Food Name 5,RM Name 20,3.83
Production Food Name 5,RM Name 5,0.3
Production Food Name 5,RM Name 17,0.3
Production Food Name 5,RM Name 21,0.09
Production Food Name 5,RM Name 7,2.55
Production Food Name 5,RM Name 22,94.44
Production Food Name 6,RM Name 22,1111.0
Production Food Name 6,RM Name 23,40.0
Production Food Name 7,RM Name 24,110.0
Production Food Name 7,RM Name 5,0.29
Production Food Name 7,RM Name 19,0.98
Production Food Name 7,RM Name 25,0.61
Production Food Name 7,RM Name 16,0.37
Production Food Name 7,RM Name 26,1.95
Production Food Name 7,RM Name 27,0.1
Production Food Name 7,RM Name 2,0.39
Production Food Name 8,RM Name 19,500.0
Production Food Name 8,RM Name 10,3780.0
Production Food Name 8,RM Name 28,100.0
Production Food Name 9,RM Name 22,1000.0
Production Food Name 9,RM Name 19,50.0
Production Food Name 9,RM Name 29,75.0
Production Food Name 9,RM Name 17,15.0
Production Food Name 10,RM Name 30,1000.0
Production Food Name 10,RM Name 19,50.0
Production Food Name 10,RM Name 29,75.0
Production Food Name 10,RM Name 4,5.0
Production Food Name 10,RM Name 31,5.0
Production Food Name 10,RM Name 3,5.0
Production Food Name 10,RM Name 5,15.0
Production Food Name 10,RM Name 17,15.0
Production Food Name 10,RM Name 11,20.0
Production Food Name 11,RM Name 14,5.0
Production Food Name 11,RM Name 32,30.0
Production Food Name 11,RM Name 33,75.0
Production Food Name 11,RM Name 15,5.0
Production Food Name 11,RM Name 5,2.0
Production Food Name 11,RM Name 17,2.0
Production Food Name 11,RM Name 2,5.0
Production Food Name 11,RM Name 6,1111.0
Production Food Name 12,RM Name 30,1000.0
Production Food Name 12,RM Name 33,75.0
Production Food Name 12,RM Name 15,5.0
Production Food Name 12,RM Name 32,30.0
Production Food Name 12,RM Name 14,5.0
Production Food Name 12,RM Name 2,5.0
Production Food Name 12,RM Name 5,10.0
Production Food Name 12,RM Name 17,5.0
Production Food Name 13,RM Name 34,97.0
Production Food Name 13,RM Name 9,4.5
Production Food Name 13,RM Name 19,4.5
Production Food Name 13,RM Name 18,9.0
Production Food Name 13,RM Name 20,3.9
Production Food Name 13,RM Name 5,0.3
Production Food Name 13,RM Name 17,0.3
Production Food Name 13,RM Name 21,0.09
Production Food Name 13,RM Name 2,0.44
Production Food Name 13,RM Name 7,2.61
Production Food Name 14,RM Name 35,1000.0
Production Food Name 14,RM Name 13,400.0
Production Food Name 14,RM Name 11,315.0
Production Food Name 15,RM Name 10,730.0
Production Food Name 15,RM Name 12,200.0
Production Food Name 15,RM Name 36,50.0
Production Food Name 15,RM Name 17,10.0
Production Food Name 15,RM Name 16,10.0
Production Food Name 16,RM Name 37,1500.0
Production Food Name 16,RM Name 38,400.0
Production Food Name 16,RM Name 19,100.0
Production Food Name 16,RM Name 15,6.0
Production Food Name 16,RM Name 39,200.0
Production Food Name 16,RM Name 5,25.0
Production Food Name 16,RM Name 11,75.0
Production Food Name 17,RM Name 40,1000.0
Production Food Name 17,RM Name 41,3000.0
Production Food Name 17,RM Name 9,500.0
Production Food Name 17,RM Name 19,250.0
Production Food Name 17,RM Name 42,150.0
Production Food Name 17,RM Name 25,100.0
Production Food Name 17,RM Name 15,75.0
Production Food Name 17,RM Name 8,100.0
Production Food Name 17,RM Name 11,50.0
Production Food Name 17,RM Name 43,7.5
Production Food Name 17,RM Name 7,500.0
Production Food Name 17,RM Name 10,3000.0
Production Food Name 18,RM Name 44,1000.0
Production Food Name 18,RM Name 17,50.0
Production Food Name 18,RM Name 2,15.0
Production Food Name 18,RM Name 29,40.0
Production Food Name 18,RM Name 19,75.0
Production Food Name 18,RM Name 9,150.0
Production Food Name 18,RM Name 5,15.0
Production Food Name 18,RM Name 45,40.0
Production Food Name 19,RM Name 46,200.0
Production Food Name 19,RM Name 10,800.0
Production Food Name 20,RM Name 34,100.51
Production Food Name 20,RM Name 9,2.26
Production Food Name 20,RM Name 19,2.26
Production Food Name 20,RM Name 18,4.52
Production Food Name 20,RM Name 5,0.9
Production Food Name 20,RM Name 17,0.9
Production Food Name 20,RM Name 21,0.09
Production Food Name 20,RM Name 2,0.9
Production Food Name 20,RM Name 7,3.75
Production Food Name 20,RM Name 47,6.88
Production Food Name 21,RM Name 48,1000.0
Production Food Name 21,RM Name 49,20.0
Production Food Name 21,RM Name 50,20.0
Production Food Name 21,RM Name 19,20.0
Production Food Name 21,RM Name 9,40.0
Production Food Name 21,RM Name 16,10.0
Production Food Name 21,RM Name 5,5.0
Production Food Name 21,RM Name 17,5.0
Production Food Name 21,RM Name 7,25.0
Production Food Name 21,RM Name 2,20.0
Production Food Name 21,RM Name 8,15.0
Production Food Name 22,RM Name 25,6.2
Production Food Name 22,RM Name 19,10.0
Production Food Name 22,RM Name 51,5.0
Production Food Name 22,RM Name 5,3.0
Production Food Name 22,RM Name 26,25.0
Production Food Name 22,RM Name 52,4.0
Production Food Name 22,RM Name 50,4.0
Production Food Name 22,RM Name 49,4.0
Production Food Name 22,RM Name 53,2.0
Production Food Name 22,RM Name 54,4.0
Production Food Name 22,RM Name 2,5.0
Production Food Name 22,RM Name 55,75.0
Production Food Name 22,RM Name 56,25.0
Production Food Name 22,RM Name 57,30.0
Production Food Name 22,RM Name 6,1111.0
Production Food Name 22,RM Name 58,20.0
Production Food Name 22,RM Name 59,20.0
Production Food Name 22,RM Name 11,3.0
Production Food Name 23,RM Name 23,40.0
Production Food Name 23,RM Name 60,1000.0
Production Food Name 24,RM Name 61,1000.0
Production Food Name 24,RM Name 23,40.0
Production Food Name 25,RM Name 55,225.0
Production Food Name 25,RM Name 62,6.0
Production Food Name 25,RM Name 63,11.0
Production Food Name 25,RM Name 53,11.0
Production Food Name 25,RM Name 2,22.5
Production Food Name 25,RM Name 5,4.0
Production Food Name 25,RM Name 25,15.0
Production Food Name 25,RM Name 19,22.5
Production Food Name 25,RM Name 6,1111.0
Production Food Name 25,RM Name 7,7.5
Production Food Name 26,RM Name 34,1111.0
Production Food Name 26,RM Name 5,5.0
Production Food Name 26,RM Name 7,10.0
Production Food Name 26,RM Name 17,8.0
Production Food Name 27,RM Name 34,1111.0
Production Food Name 27,RM Name 64,10.0
Production Food Name 27,RM Name 16,10.0
Production Food Name 27,RM Name 25,10.0
Production Food Name 27,RM Name 19,10.0
Production Food Name 27,RM Name 5,5.0
Production Food Name 27,RM Name 2,10.0
Production Food Name 27,RM Name 51,10.0
Production Food Name 27,RM Name 7,5.0
Production Food Name 28,RM Name 50,10.0
Production Food Name 28,RM Name 55,150.0
Production Food Name 28,RM Name 15,10.0
Production Food Name 28,RM Name 25,5.0
Production Food Name 28,RM Name 11,10.0
Production Food Name 28,RM Name 19,10.0
Production Food Name 28,RM Name 57,10.0
Production Food Name 28,RM Name 12,15.0
Production Food Name 28,RM Name 53,10.0
Production Food Name 28,RM Name 49,10.0
Production Food Name 28,RM Name 43,1.0
Production Food Name 28,RM Name 5,4.0
Production Food Name 28,RM Name 65,1111.0
Production Food Name 29,RM Name 5,5.0
Production Food Name 29,RM Name 6,1111.0
Production Food Name 29,RM Name 17,8.0
Production Food Name 29,RM Name 7,10.0
Production Food Name 30,RM Name 55,71.2
Production Food Name 30,RM Name 25,6.2
Production Food Name 30,RM Name 19,10.0
Production Food Name 30,RM Name 6,1111.0
Production Food Name 30,RM Name 26,12.0
Production Food Name 30,RM Name 66,20.0
Production Food Name 30,RM Name 67,10.0
Production Food Name 30,RM Name 44,10.0
Production Food Name 30,RM Name 16,15.0
Production Food Name 30,RM Name 52,3.8
Production Food Name 30,RM Name 49,4.6
Production Food Name 30,RM Name 50,6.2
Production Food Name 30,RM Name 5,2.6
Production Food Name 30,RM Name 53,1.0
Production Food Name 30,RM Name 54,1.0
Production Food Name 30,RM Name 51,5.0
Production Food Name 30,RM Name 7,25.0
Production Food Name 31,RM Name 16,10.0
Production Food Name 31,RM Name 25,10.0
Production Food Name 31,RM Name 19,10.0
Production Food Name 31,RM Name 5,2.0
Production Food Name 31,RM Name 2,10.0
Production Food Name 31,RM Name 64,10.0
Production Food Name 31,RM Name 6,1111.0
Production Food Name 31,RM Name 7,5.0
Production Food Name 32,RM Name 68,1538.46
Production Food Name 32,RM Name 5,5.0
Production Food Name 32,RM Name 17,5.0
Production Food Name 33,RM Name 58,500.0
Production Food Name 33,RM Name 59,500.0
Production Food Name 33,RM Name 26,150.0
Production Food Name 33,RM Name 19,100.0
Production Food Name 33,RM Name 25,125.0
Production Food Name 33,RM Name 11,200.0
Production Food Name 34,RM Name 25,5.0
Production Food Name 34,RM Name 19,10.0
Production Food Name 34,RM Name 5,2.0
Production Food Name 34,RM Name 55,63.4
Production Food Name 34,RM Name 44,76.8
Production Food Name 34,RM Name 62,1.0
Production Food Name 34,RM Name 6,1111.0
Production Food Name 34,RM Name 26,20.0
Production Food Name 34,RM Name 51,5.0
Production Food Name 34,RM Name 66,20.0
Production Food Name 34,RM Name 67,10.0
Production Food Name 34,RM Name 63,2.0
Production Food Name 34,RM Name 52,3.0
Production Food Name 34,RM Name 45,4.0
Production Food Name 34,RM Name 2,4.0
Production Food Name 34,RM Name 7,25.0
Production Food Name 35,RM Name 58,200.0
Production Food Name 35,RM Name 69,1000.0
Production Food Name 35,RM Name 70,500.0
Production Food Name 35,RM Name 9,700.0
Production Food Name 35,RM Name 41,875.0
Production Food Name 35,RM Name 5,10.0
Production Food Name 35,RM Name 39,150.0
Production Food Name 35,RM Name 17,2.0
Production Food Name 35,RM Name 8,30.0
Production Food Name 36,RM Name 64,10.0
Production Food Name 36,RM Name 16,10.0
Production Food Name 36,RM Name 25,10.0
Production Food Name 36,RM Name 19,10.0
Production Food Name 36,RM Name 5,2.0
Production Food Name 36,RM Name 71,1000.0
Production Food Name 36,RM Name 2,10.0
Production Food Name 36,RM Name 51,20.0
Production Food Name 36,RM Name 7,5.0
Production Food Name 37,RM Name 55,100.0
Production Food Name 37,RM Name 65,800.0
Production Food Name 38,RM Name 72,1111.0
Production Food Name 38,RM Name 5,5.0
Production Food Name 38,RM Name 17,5.0
Production Food Name 39,RM Name 64,10.0
Production Food Name 39,RM Name 16,10.0
Production Food Name 39,RM Name 25,10.0
Production Food Name 39,RM Name 19,10.0
Production Food Name 39,RM Name 5,10.0
Production Food Name 39,RM Name 2,10.0
Production Food Name 39,RM Name 72,1111.0
Production Food Name 39,RM Name 7,5.0
Production Food Name 40,RM Name 55,6.54
Production Food Name 40,RM Name 25,3.37
Production Food Name 40,RM Name 19,3.93
Production Food Name 40,RM Name 17,0.45
Production Food Name 40,RM Name 49,1.69
Production Food Name 40,RM Name 53,2.81
Production Food Name 40,RM Name 5,2.25
Production Food Name 40,RM Name 50,1.69
Production Food Name 40,RM Name 30,169.89
Production Food Name 40,RM Name 11,0.79
Production Food Name 40,RM Name 16,2.81
Production Food Name 40,RM Name 7,8.99
Production Food Name 41,RM Name 17,25.0
Production Food Name 41,RM Name 45,20.0
Production Food Name 41,RM Name 44,1000.0
Production Food Name 41,RM Name 2,15.0
Production Food Name 41,RM Name 7,25.0
Production Food Name 42,RM Name 55,27000.0
Production Food Name 42,RM Name 26,800.0
Production Food Name 42,RM Name 41,2500.0
Production Food Name 42,RM Name 52,200.0
Production Food Name 42,RM Name 16,0.5
Production Food Name 42,RM Name 58,2.0
Production Food Name 42,RM Name 73,2500.0
Production Food Name 43,RM Name 16,50.0
Production Food Name 43,RM Name 5,30.0
Production Food Name 43,RM Name 36,700.0
Production Food Name 43,RM Name 29,250.0
Production Food Name 43,RM Name 74,100.0
Production Food Name 43,RM Name 11,100.0
Production Food Name 43,RM Name 8,250.0
Production Food Name 43,RM Name 14,250.0
Production Food Name 44,RM Name 24,122.22
Production Food Name 44,RM Name 5,0.27
Production Food Name 44,RM Name 19,0.89
Production Food Name 44,RM Name 25,0.56
Production Food Name 44,RM Name 16,0.44
Production Food Name 44,RM Name 26,1.78
Production Food Name 44,RM Name 2,1.82
Production Food Name 44,RM Name 50,0.44
Production Food Name 44,RM Name 49,0.44
Production Food Name 44,RM Name 53,0.27
Production Food Name 44,RM Name 48,2.67
Production Food Name 44,RM Name 43,0.03
Production Food Name 44,RM Name 7,2.22
Production Food Name 45,RM Name 10,1200.0
Production Food Name 46,RM Name 58,500.0
Production Food Name 46,RM Name 59,600.0
Production Food Name 46,RM Name 56,500.0
Production Food Name 46,RM Name 26,500.0
Production Food Name 46,RM Name 19,200.0
Production Food Name 46,RM Name 25,125.0
Production Food Name 46,RM Name 5,40.0
Production Food Name 46,RM Name 52,60.0
Production Food Name 46,RM Name 50,40.0
Production Food Name 46,RM Name 7,100.0
Production Food Name 47,RM Name 8,10.0
Production Food Name 47,RM Name 75,75.0
Production Food Name 47,RM Name 21,1.0
Production Food Name 47,RM Name 19,15.0
Production Food Name 47,RM Name 76,5.0
Production Food Name 47,RM Name 32,35.0
Production Food Name 47,RM Name 17,5.0
Production Food Name 47,RM Name 5,8.0
Production Food Name 47,RM Name 2,5.0
Production Food Name 47,RM Name 77,1.0
Production Food Name 47,RM Name 7,100.0
Production Food Name 48,RM Name 10,3780.0
Production Food Name 48,RM Name 78,900.0
Production Food Name 48,RM Name 79,450.0
Production Food Name 49,RM Name 2,0.42
Production Food Name 49,RM Name 18,4.19
Production Food Name 49,RM Name 9,2.1
Production Food Name 49,RM Name 19,2.1
Production Food Name 49,RM Name 5,0.84
Production Food Name 49,RM Name 17,0.84
Production Food Name 49,RM Name 21,0.09
Production Food Name 49,RM Name 7,2.52
Production Food Name 49,RM Name 22,138.9
Production Food Name 49,RM Name 47,3.69
Production Food Name 50,RM Name 12,2520.0
Production Food Name 50,RM Name 8,28.0
Production Food Name 50,RM Name 5,80.0
Production Food Name 50,RM Name 16,260.0
Production Food Name 50,RM Name 80,1500.0
Production Food Name 51,RM Name 10,2000.0
Production Food Name 51,RM Name 55,100.0
Production Food Name 51,RM Name 15,10.0
Production Food Name 51,RM Name 25,15.0
Production Food Name 51,RM Name 19,15.0
Production Food Name 51,RM Name 57,20.0
Production Food Name 51,RM Name 12,10.0
Production Food Name 51,RM Name 50,10.0
Production Food Name 51,RM Name 53,10.0
Production Food Name 51,RM Name 49,10.0
Production Food Name 51,RM Name 11,25.0
Production Food Name 52,RM Name 25,6.2
Production Food Name 52,RM Name 19,10.0
Production Food Name 52,RM Name 26,25.0
Production Food Name 52,RM Name 5,2.0
Production Food Name 52,RM Name 64,4.0
Production Food Name 52,RM Name 52,4.0
Production Food Name 52,RM Name 50,4.0
Production Food Name 52,RM Name 49,5.0
Production Food Name 52,RM Name 16,5.0
Production Food Name 52,RM Name 53,1.0
Production Food Name 52,RM Name 2,4.0
Production Food Name 52,RM Name 62,1.0
Production Food Name 52,RM Name 63,3.0
Production Food Name 52,RM Name 66,10.0
Production Food Name 52,RM Name 67,5.0
Production Food Name 52,RM Name 44,40.0
Production Food Name 53,RM Name 29,10.0
Production Food Name 53,RM Name 81,113.0
Production Food Name 53,RM Name 26,10.0
Production Food Name 53,RM Name 44,10.0
Production Food Name 54,RM Name 82,10.0
Production Food Name 54,RM Name 81,150.0
Production Food Name 54,RM Name 83,2.0
Production Food Name 54,RM Name 5,1.0
Production Food Name 54,RM Name 50,1.0
Production Food Name 54,RM Name 53,0.45
Production Food Name 54,RM Name 84,0.91
Production Food Name 55,RM Name 16,0.4
Production Food Name 55,RM Name 5,0.6
Production Food Name 55,RM Name 53,0.12
Production Food Name 55,RM Name 45,0.8
Production Food Name 55,RM Name 2,0.8
Production Food Name 55,RM Name 50,0.12
Production Food Name 55,RM Name 8,0.6
Production Food Name 55,RM Name 83,0.8
Production Food Name 55,RM Name 44,0.5
Production Food Name 55,RM Name 7,4.0
Production Food Name 56,RM Name 29,2.0
Production Food Name 56,RM Name 44,11.0
Production Food Name 56,RM Name 8,4.0
Production Food Name 56,RM Name 5,2.0
Production Food Name 56,RM Name 45,2.0
Production Food Name 57,RM Name 16,1.56
Production Food Name 57,RM Name 53,0.94
Production Food Name 57,RM Name 5,1.56
Production Food Name 57,RM Name 45,3.13
Production Food Name 57,RM Name 50,0.47
Production Food Name 57,RM Name 8,3.13
Production Food Name 57,RM Name 2,1.88
Production Food Name 57,RM Name 9,15.0
Production Food Name 57,RM Name 85,8.0
Production Food Name 57,RM Name 86,8.0
Production Food Name 57,RM Name 26,5.0
Production Food Name 57,RM Name 87,4.0
Production Food Name 57,RM Name 7,6.25
Production Food Name 58,RM Name 2,0.77
Production Food Name 58,RM Name 5,0.58
Production Food Name 58,RM Name 62,0.19
Production Food Name 58,RM Name 27,0.05
Production Food Name 59,RM Name 29,2.0
Production Food Name 59,RM Name 44,11.0
Production Food Name 59,RM Name 8,4.0
Production Food Name 59,RM Name 5,2.0
Production Food Name 59,RM Name 45,2.0
Production Food Name 60,RM Name 81,119.23
Production Food Name 60,RM Name 2,0.77
Production Food Name 60,RM Name 5,0.58
Production Food Name 60,RM Name 62,0.19
Production Food Name 60,RM Name 27,0.05
Production Food Name 61,RM Name 16,0.4
Production Food Name 61,RM Name 5,0.6
Production Food Name 61,RM Name 53,0.12
Production Food Name 61,RM Name 45,0.8
Production Food Name 61,RM Name 2,0.8
Production Food Name 61,RM Name 50,0.12
Production Food Name 61,RM Name 8,0.6
Production Food Name 61,RM Name 83,0.8
Production Food Name 61,RM Name 44,0.5
Production Food Name 61,RM Name 7,4.0
Production Food Name 62,RM Name 16,0.4
Production Food Name 62,RM Name 5,0.6
Production Food Name 62,RM Name 53,0.12
Production Food Name 62,RM Name 45,0.8
Production Food Name 62,RM Name 2,0.8
Production Food Name 62,RM Name 50,0.12
Production Food Name 62,RM Name 8,0.6
Production Food Name 62,RM Name 83,0.8
Production Food Name 62,RM Name 7,4.0
Production Food Name 63,RM Name 16,1.56
Production Food Name 63,RM Name 53,0.94
Production Food Name 63,RM Name 5,1.56
Production Food Name 63,RM Name 45,3.13
Production Food Name 63,RM Name 50,0.47
Production Food Name 63,RM Name 8,3.13
Production Food Name 63,RM Name 2,1.88
Production Food Name 63,RM Name 9,15.0
Production Food Name 63,RM Name 85,8.0
Production Food Name 63,RM Name 86,8.0
Production Food Name 63,RM Name 26,5.0
Production Food Name 63,RM Name 87,4.0
Production Food Name 63,RM Name 7,6.25
Production Food Name 63,RM Name 88,100.0
Production Food Name 64,RM Name 89,1.0
Production Food Name 64,RM Name 8,0.3
Production Food Name 64,RM Name 90,30.0
Production Food Name 64,RM Name 91,5.0
Production Food Name 64,RM Name 16,0.5
Production Food Name 64,RM Name 5,0.7
Production Food Name 64,RM Name 2,1.0
Production Food Name 64,RM Name 45,1.0
Production Food Name 64,RM Name 7,2.0
Production Food Name 65,RM Name 92,76.9
Production Food Name 65,RM Name 9,20.5
Production Food Name 65,RM Name 87,2.2
Production Food Name 65,RM Name 82,12.8
Production Food Name 65,RM Name 7,12.8
Production Food Name 65,RM Name 19,3.8
Production Food Name 65,RM Name 64,0.6
Production Food Name 65,RM Name 49,2.6
Production Food Name 65,RM Name 5,2.7
Production Food Name 65,RM Name 89,0.8
Production Food Name 65,RM Name 50,1.4
Production Food Name 66,RM Name 62,0.1
Production Food Name 66,RM Name 84,0.5
Production Food Name 66,RM Name 5,0.15
Production Food Name 67,RM Name 16,1.56
Production Food Name 67,RM Name 53,0.94
Production Food Name 67,RM Name 5,1.56
Production Food Name 67,RM Name 45,3.13
Production Food Name 67,RM Name 50,0.47
Production Food Name 67,RM Name 8,3.13
Production Food Name 67,RM Name 2,1.88
Production Food Name 67,RM Name 9,15.0
Production Food Name 67,RM Name 85,8.0
Production Food Name 67,RM Name 86,8.0
Production Food Name 67,RM Name 26,5.0
Production Food Name 67,RM Name 87,4.0
Production Food Name 67,RM Name 7,6.25
Production Food Name 68,RM Name 81,113.0
Production Food Name 68,RM Name 26,10.0
Production Food Name 68,RM Name 29,10.0
Production Food Name 68,RM Name 88,100.0
Production Food Name 69,RM Name 53,1.0
Production Food Name 69,RM Name 16,2.0
Production Food Name 69,RM Name 93,1.0
Production Food Name 69,RM Name 9,5.0
Production Food Name 69,RM Name 2,3.0
Production Food Name 69,RM Name 50,1.0
Production Food Name 69,RM Name 27,1.0
Production Food Name 69,RM Name 29,7.0
Production Food Name 69,RM Name 19,3.0
Production Food Name 69,RM Name 26,5.0
Production Food Name 69,RM Name 58,2.0
Production Food Name 69,RM Name 94,112.5
Production Food Name 69,RM Name 5,2.0
Production Food Name 69,RM Name 7,2.0
Production Food Name 70,RM Name 81,200.0
Production Food Name 70,RM Name 26,10.0
Production Food Name 70,RM Name 25,10.0
Production Food Name 70,RM Name 19,10.0
Production Food Name 70,RM Name 95,200.0
Production Food Name 70,RM Name 5,2.0
Production Food Name 70,RM Name 64,5.0
Production Food Name 70,RM Name 55,40.0
Production Food Name 70,RM Name 41,40.0
Production Food Name 70,RM Name 96,35.0
Production Food Name 70,RM Name 62,1.0
Production Food Name 70,RM Name 49,3.0
Production Food Name 70,RM Name 16,6.0
Production Food Name 70,RM Name 2,5.0
Production Food Name 70,RM Name 7,21.0
Production Food Name 71,RM Name 2,0.33
Production Food Name 71,RM Name 5,0.33
Production Food Name 71,RM Name 62,0.02
Production Food Name 71,RM Name 27,0.03
Production Food Name 72,RM Name 29,7.14
Production Food Name 72,RM Name 83,0.71
Production Food Name 72,RM Name 16,0.36
Production Food Name 72,RM Name 44,10.0
Production Food Name 72,RM Name 8,0.71
Production Food Name 72,RM Name 45,2.14
Production Food Name 73,RM Name 45,50000.0
Production Food Name 73,RM Name 97,4000.0
Production Food Name 74,RM Name 41,300.0
Production Food Name 74,RM Name 9,2000.0
Production Food Name 74,RM Name 19,500.0
Production Food Name 74,RM Name 25,250.0
Production Food Name 74,RM Name 26,100.0
Production Food Name 74,RM Name 56,6000.0
Production Food Name 74,RM Name 98,25.0
Production Food Name 74,RM Name 83,50.0
Production Food Name 74,RM Name 16,50.0
Production Food Name 74,RM Name 64,25.0
Production Food Name 74,RM Name 53,50.0
Production Food Name 74,RM Name 5,15.0
Production Food Name 74,RM Name 54,200.0
Production Food Name 74,RM Name 58,50.0
Production Food Name 74,RM Name 7,250.0
Production Food Name 75,RM Name 41,500.0
Production Food Name 75,RM Name 9,5000.0
Production Food Name 75,RM Name 19,1000.0
Production Food Name 75,RM Name 25,700.0
Production Food Name 75,RM Name 26,300.0
Production Food Name 75,RM Name 66,167.0
Production Food Name 75,RM Name 98,50.0
Production Food Name 75,RM Name 83,50.0
Production Food Name 75,RM Name 16,75.0
Production Food Name 75,RM Name 64,20.0
Production Food Name 75,RM Name 53,100.0
Production Food Name 75,RM Name 5,13.0
Production Food Name 75,RM Name 40,500.0
Production Food Name 75,RM Name 12,100.0
Production Food Name 75,RM Name 7,1266.0
Production Food Name 76,RM Name 92,5000.0
Production Food Name 76,RM Name 9,250.0
Production Food Name 76,RM Name 26,100.0
Production Food Name 76,RM Name 25,50.0
Production Food Name 76,RM Name 19,50.0
Production Food Name 76,RM Name 64,50.0
Production Food Name 76,RM Name 16,50.0
Production Food Name 76,RM Name 49,50.0
Production Food Name 76,RM Name 53,50.0
Production Food Name 76,RM Name 83,50.0
Production Food Name 76,RM Name 5,15.0
Production Food Name 76,RM Name 57,200.0
Production Food Name 77,RM Name 41,30000.0
Production Food Name 77,RM Name 9,5400.0
Production Food Name 77,RM Name 66,3000.0
Production Food Name 77,RM Name 54,40.0
Production Food Name 77,RM Name 53,135.0
Production Food Name 77,RM Name 8,1200.0
Production Food Name 77,RM Name 16,400.0
Production Food Name 77,RM Name 29,1300.0
Production Food Name 77,RM Name 44,3000.0
Production Food Name 77,RM Name 40,1000.0
Production Food Name 78,RM Name 99,6000.0
Production Food Name 78,RM Name 9,500.0
Production Food Name 78,RM Name 47,50.0
Production Food Name 78,RM Name 25,100.0
Production Food Name 78,RM Name 19,200.0
Production Food Name 78,RM Name 64,25.0
Production Food Name 78,RM Name 16,50.0
Production Food Name 78,RM Name 49,50.0
Production Food Name 78,RM Name 41,2000.0
Production Food Name 78,RM Name 83,50.0
Production Food Name 78,RM Name 5,25.0
Production Food Name 78,RM Name 53,50.0
Production Food Name 78,RM Name 100,50.0
Production Food Name 78,RM Name 8,400.0
Production Food Name 78,RM Name 29,500.0
Production Food Name 78,RM Name 12,200.0
Production Food Name 78,RM Name 7,271.8
Production Food Name 79,RM Name 55,1750.0
Production Food Name 79,RM Name 15,100.0
Production Food Name 79,RM Name 25,150.0
Production Food Name 79,RM Name 19,100.0
Production Food Name 79,RM Name 57,250.0
Production Food Name 79,RM Name 41,300.0
Production Food Name 79,RM Name 83,100.0
Production Food Name 79,RM Name 53,100.0
Production Food Name 79,RM Name 49,100.0
Production Food Name 79,RM Name 11,150.0
Production Food Name 79,RM Name 101,10.0
Production Food Name 79,RM Name 26,50.0
Production Food Name 79,RM Name 5,10.0
Production Food Name 80,RM Name 9,1500.0
Production Food Name 80,RM Name 41,1500.0
Production Food Name 80,RM Name 25,250.0
Production Food Name 80,RM Name 19,300.0
Production Food Name 80,RM Name 102,5000.0
Production Food Name 80,RM Name 93,1400.0
Production Food Name 80,RM Name 87,300.0
Production Food Name 80,RM Name 103,300.0
Production Food Name 80,RM Name 83,400.0
Production Food Name 80,RM Name 104,150.0
Production Food Name 80,RM Name 105,400.0
Production Food Name 80,RM Name 106,75.0
Production Food Name 80,RM Name 98,75.0
Production Food Name 80,RM Name 107,3000.0
Production Food Name 80,RM Name 64,700.0
Production Food Name 80,RM Name 16,100.0
Production Food Name 80,RM Name 5,150.0
Production Food Name 80,RM Name 8,100.0
Production Food Name 80,RM Name 62,100.0
Production Food Name 81,RM Name 55,1500.0
Production Food Name 81,RM Name 26,75.0
Production Food Name 81,RM Name 25,250.0
Production Food Name 81,RM Name 19,200.0
Production Food Name 81,RM Name 57,25.0
Production Food Name 81,RM Name 66,350.0
Production Food Name 81,RM Name 62,15.0
Production Food Name 81,RM Name 53,25.0
Production Food Name 81,RM Name 108,10.0
Production Food Name 81,RM Name 11,50.0
Production Food Name 81,RM Name 2,15.0
Production Food Name 81,RM Name 63,15.0
Production Food Name 81,RM Name 5,10.0
Production Food Name 81,RM Name 44,250.0
Production Food Name 81,RM Name 67,150.0
Production Food Name 81,RM Name 109,15.0
Production Food Name 82,RM Name 25,510.0
Production Food Name 82,RM Name 9,510.0
Production Food Name 82,RM Name 19,790.0
Production Food Name 82,RM Name 110,100.0
Production Food Name 82,RM Name 12,4200.0
Production Food Name 82,RM Name 111,160.0
Production Food Name 82,RM Name 8,115.0
Production Food Name 82,RM Name 5,200.0
Production Food Name 82,RM Name 2,65.0
Production Food Name 82,RM Name 32,200.0
Production Food Name 82,RM Name 87,100.0
Production Food Name 82,RM Name 7,700.0
Production Food Name 83,RM Name 25,255.0
Production Food Name 83,RM Name 9,425.0
Production Food Name 83,RM Name 19,425.0
Production Food Name 83,RM Name 12,4200.0
Production Food Name 83,RM Name 112,1275.0
Production Food Name 83,RM Name 8,340.0
Production Food Name 83,RM Name 111,150.0
Production Food Name 83,RM Name 2,85.0
Production Food Name 83,RM Name 32,250.0
Production Food Name 83,RM Name 5,50.0
Production Food Name 83,RM Name 7,500.0
Production Food Name 84,RM Name 25,400.0
Production Food Name 84,RM Name 12,700.0
Production Food Name 84,RM Name 8,1300.0
Production Food Name 84,RM Name 5,400.0
Production Food Name 84,RM Name 9,400.0
Production Food Name 84,RM Name 74,2000.0
Production Food Name 84,RM Name 19,400.0
Production Food Name 84,RM Name 113,200.0
Production Food Name 84,RM Name 7,4000.0
Production Food Name 85,RM Name 12,4200.0
Production Food Name 85,RM Name 25,135.0
Production Food Name 85,RM Name 8,900.0
Production Food Name 85,RM Name 5,150.0
Production Food Name 85,RM Name 114,575.0
Production Food Name 85,RM Name 2,45.0
Production Food Name 85,RM Name 32,200.0
Production Food Name 85,RM Name 7,350.0
Production Food Name 86,RM Name 9,500.0
Production Food Name 86,RM Name 25,300.0
Production Food Name 86,RM Name 19,500.0
Production Food Name 86,RM Name 112,3000.0
Production Food Name 86,RM Name 111,200.0
Production Food Name 86,RM Name 8,300.0
Production Food Name 86,RM Name 87,180.0
Production Food Name 86,RM Name 2,50.0
Production Food Name 86,RM Name 5,20.0
Production Food Name 86,RM Name 32,120.0
Production Food Name 86,RM Name 7,500.0
Production Food Name 87,RM Name 25,430.0
Production Food Name 87,RM Name 9,1425.0
Production Food Name 87,RM Name 19,710.0
Production Food Name 87,RM Name 112,5700.0
Production Food Name 87,RM Name 111,735.0
Production Food Name 87,RM Name 8,710.0
Production Food Name 87,RM Name 2,140.0
Production Food Name 87,RM Name 5,20.0
Production Food Name 87,RM Name 32,100.0
Production Food Name 87,RM Name 105,400.0
Production Food Name 87,RM Name 7,700.0
Production Food Name 88,RM Name 9,10000.0
Production Food Name 88,RM Name 26,350.0
Production Food Name 88,RM Name 41,3500.0
Production Food Name 88,RM Name 66,1250.0
Production Food Name 88,RM Name 115,1000.0
Production Food Name 88,RM Name 75,500.0
Production Food Name 88,RM Name 64,100.0
Production Food Name 88,RM Name 50,80.0
Production Food Name 88,RM Name 49,150.0
Production Food Name 88,RM Name 16,250.0
Production Food Name 88,RM Name 29,1000.0
Production Food Name 88,RM Name 2,300.0
Production Food Name 88,RM Name 5,150.0
Production Food Name 88,RM Name 116,11.0
Production Food Name 88,RM Name 106,12.0
Production Food Name 88,RM Name 117,5.0
Production Food Name 88,RM Name 98,13.0
Production Food Name 88,RM Name 83,15.0
Production Food Name 88,RM Name 104,13.0
Production Food Name 88,RM Name 118,12.0
Production Food Name 88,RM Name 119,12.0
Production Food Name 88,RM Name 8,150.0
Production Food Name 88,RM Name 44,1000.0
Production Food Name 88,RM Name 27,3.0
Production Food Name 88,RM Name 7,1850.0
Production Food Name 89,RM Name 41,4000.0
Production Food Name 89,RM Name 9,5000.0
Production Food Name 89,RM Name 53,50.0
Production Food Name 89,RM Name 57,300.0
Production Food Name 89,RM Name 62,15.0
Production Food Name 89,RM Name 98,67.0
Production Food Name 89,RM Name 83,67.0
Production Food Name 89,RM Name 16,100.0
Production Food Name 89,RM Name 64,75.0
Production Food Name 89,RM Name 5,50.0
Production Food Name 89,RM Name 116,5.0
Production Food Name 89,RM Name 104,10.0
Production Food Name 89,RM Name 52,25.0
Production Food Name 89,RM Name 7,1000.0
Production Food Name 90,RM Name 120,50.0
Production Food Name 91,RM Name 72,3000.0
Production Food Name 91,RM Name 8,750.0
Production Food Name 91,RM Name 12,1750.0
Production Food Name 91,RM Name 2,102.0
Production Food Name 91,RM Name 5,75.0
Production Food Name 91,RM Name 111,600.0
Production Food Name 91,RM Name 74,1500.0
Production Food Name 91,RM Name 19,600.0
Production Food Name 91,RM Name 25,500.0
Production Food Name 91,RM Name 9,1300.0
Production Food Name 91,RM Name 113,900.0
Production Food Name 91,RM Name 7,2400.0
Production Food Name 92,RM Name 19,1110.0
Production Food Name 92,RM Name 8,185.0
Production Food Name 92,RM Name 2,125.0
Production Food Name 92,RM Name 111,925.0
Production Food Name 92,RM Name 9,1295.0
Production Food Name 92,RM Name 25,370.0
Production Food Name 92,RM Name 112,3700.0
Production Food Name 92,RM Name 12,3700.0
Production Food Name 92,RM Name 5,110.0
Production Food Name 92,RM Name 7,925.0
Production Food Name 93,RM Name 25,2100.0
Production Food Name 93,RM Name 19,3000.0
Production Food Name 93,RM Name 7,3000.0
Production Food Name 94,RM Name 9,6000.0
Production Food Name 94,RM Name 7,750.0
Production Food Name 95,RM Name 26,1300.0
Production Food Name 95,RM Name 58,1850.0
Production Food Name 96,RM Name 81,1000.0
Production Food Name 96,RM Name 106,2.0
Production Food Name 96,RM Name 116,1.0
Production Food Name 96,RM Name 119,1.0
Production Food Name 96,RM Name 5,15.0
Production Food Name 52,RM Name 55,70.0
Production Food Name 52,RM Name 6,1111.0
Production Food Name 52,RM Name 11,10.0
Production Food Name 52,RM Name 51,5.0
Production Food Name 52,RM Name 7,25.0
Production Food Name 97,RM Name 10,3780.0
Production Food Name 97,RM Name 12,2100.0
Production Food Name 97,RM Name 121,90.0
Production Food Name 97,RM Name 114,90.0
Production Food Name 98,RM Name 41,900.0
Production Food Name 98,RM Name 5,5.0
Production Food Name 98,RM Name 17,5.0
Production Food Name 98,RM Name 9,10.0
Production Food Name 98,RM Name 31,15.0
Production Food Name 98,RM Name 19,10.0
Production Food Name 98,RM Name 8,5.0
Production Food Name 98,RM Name 7,10.0
Production Food Name 66,RM Name 27,0.05
Production Food Name 58,RM Name 88,80.0
Production Food Name 61,RM Name 88,100.0
Production Food Name 9,RM Name 4,4.0
Production Food Name 9,RM Name 31,4.0
Production Food Name 9,RM Name 3,4.0
Production Food Name 9,RM Name 5,11.5
Production Food Name 9,RM Name 11,50.0
Production Food Name 99,RM Name 12,5500.0
Production Food Name 99,RM Name 122,2000.0
Production Food Name 99,RM Name 114,200.0
Production Food Name 99,RM Name 76,120.0
Production Food Name 99,RM Name 8,600.0
Production Food Name 99,RM Name 19,300.0
Production Food Name 99,RM Name 111,450.0
Production Food Name 99,RM Name 16,40.0
Production Food Name 100,RM Name 114,3500.0
Production Food Name 100,RM Name 8,600.0
Production Food Name 100,RM Name 5,150.0
Production Food Name 100,RM Name 64,40.0
Production Food Name 100,RM Name 19,120.0
Production Food Name 100,RM Name 105,40.0
Production Food Name 100,RM Name 74,15.0
Production Food Name 42,RM Name 9,2500.0
Production Food Name 42,RM Name 83,50.0
Production Food Name 42,RM Name 5,100.0
Production Food Name 42,RM Name 59,50.0
Production Food Name 77,RM Name 7,1000.0
Production Food Name 77,RM Name 116,30.0
Production Food Name 77,RM Name 5,600.0
Production Food Name 101,RM Name 116,0.07
Production Food Name 101,RM Name 62,0.35
Production Food Name 101,RM Name 2,2.0
Production Food Name 101,RM Name 104,0.21
Production Food Name 101,RM Name 44,20.0
Production Food Name 101,RM Name 83,0.14
Production Food Name 101,RM Name 63,0.15
Production Food Name 101,RM Name 98,0.07
Production Food Name 101,RM Name 66,8.0
Production Food Name 101,RM Name 105,0.14
Production Food Name 101,RM Name 119,0.14
Production Food Name 101,RM Name 106,0.14
Production Food Name 101,RM Name 117,0.14
Production Food Name 101,RM Name 50,0.29
Production Food Name 101,RM Name 7,2.0
Production Food Name 101,RM Name 53,1.0
Production Food Name 101,RM Name 5,1.07
Production Food Name 101,RM Name 82,5.0
Production Food Name 101,RM Name 118,0.07
Production Food Name 102,RM Name 41,8000.0
Production Food Name 102,RM Name 62,80.0
Production Food Name 102,RM Name 2,1000.0
Production Food Name 102,RM Name 27,80.0
Production Food Name 102,RM Name 7,2850.0
Production Food Name 102,RM Name 53,400.0
Production Food Name 102,RM Name 49,800.0
Production Food Name 102,RM Name 16,2000.0
Production Food Name 102,RM Name 5,1000.0
Production Food Name 102,RM Name 9,18000.0
Production Food Name 102,RM Name 82,2000.0
Production Food Name 102,RM Name 64,240.0
Production Food Name 103,RM Name 116,400.0
Production Food Name 103,RM Name 17,500.0
Production Food Name 103,RM Name 104,1000.0
Production Food Name 103,RM Name 98,500.0
Production Food Name 103,RM Name 119,500.0
Production Food Name 103,RM Name 106,500.0
Production Food Name 103,RM Name 117,500.0
Production Food Name 103,RM Name 118,1000.0
Production Food Name 104,RM Name 23,60.0
Production Food Name 104,RM Name 123,1354.0
